Player,Season
Aaron Sinclair,13
Luka Tankulic,14
Gary Miller,12
Scott P. Brown,14
Paul Lawson,12
Sean McKirdy,15
Dougie Imrie,14
Christopher Cadden,16
Antons Kurakins,15
Efe Ambrose,12
Andrea Mbuyi-Mutombo,15
Cameron Smith,12
Declan Gallacher,12
Temitope Ayoluwa Obadeyi,14
Gary Fraser,13
Kyle Benedictus,12
Stephen Mallan,14
Richard Brittain,12
Kris Doolan,13
Michael Kovacevic,12
Nicholas Riley,12
Matthew Lockwood,12
Charles Telfer,14
Lewis McLear,14
Steve May,14
Stephen O´Donnell,13
Morgaro Gomis,15
Chris Turner,15
Cameron Smith,16
Stuart Kettlewell,12
Marley Watkins,13
Michael Devlin,14
Biram Kayal,13
Amidio Balde,14
Osman Sow,16
Martin Boyle,14
Barry Robson,16
Stuart Bannigan,13
Arnaud Sutchuin Djoum,15
James Marwood,14
Lassad Nouioui,13
Paul Paton,13
Joseph Ledley,13
Daniel Handling,13
Lukasz Zaluska,14
Owain Tudor Jones,14
Biram Kayal,14
Alistair Crawford,14
Charles Telfer,15
Jorge Aaron Claros Juarez,13
Calvin Zola Makongo,13
Kevin McHattie,12
Alex Cooper,12
Jason Cummings,13
John McGinn,12
Adam Cummins,12
Liam Grimshaw,15
Garcia Tena,14
Gabriel de la Vega,14
Steven Ross,12
Arvid Schenk,15
Eoghan O'Connell,15
Blazey Augustyn,15
Paul McGinn,14
Ibrahim Rabiu,13
Kevin McBride,12
Esmael Goncalves,13
Barry Robson,16
Jorge Aaron Claros Juarez,12
Alim Oezturk,16
Osman Sow,15
Wakaso Mubarak,14
Peter MacDonald,14
Jackson Irvine,13
Gwion Edwards,13
Christie Elliot,13
Frederik Frans,16
Scott Fox,13
Anthony Watt,12
Stephen OÂ´Donnell,12
Ashton Taylor,16
Rudolf Skacel,12
Kieran Tierney,15
Ashton Taylor,16
Declan Gallacher,13
Euan Sparks,15
Lee Ashcroft,13
Anthony Andreu,15
Iain Davidson,12
Scott Bain,14
Stewart Carswell,13
Chris Erskine,13
Isaac Osbourne,15
Mark Durnan,15
Jonathan Hayes,14
Ryan Scully,15
Danny Grainger,13
Michael Kovacevic,13
Thomas Scobbie,14
Samuel Stanton,14
Steven Milne,12
Billy King,16
Sam Parkin,12
Nir Biton,15
Stewart Carswell,14
Grant Munro,12
Jordan McGhee,13
Ben Frempah,14
Marian Kello,13
Neil McGregor,12
Tom Rogic,15
Mark Corcoran,12
Iain Davidson,15
Victor Genev,15
Jim McAllister,14
Keith Watson,15
Christian Nade,15
Jonathon Routledge,15
Charles Mulgrew,15
Lukasz Zaluska,13
Mark Fotheringham,12
Ryan O´Leary,13
William Gross,13
Carl Tremarco,13
Nick Draper,13
Jamie MacDonald,15
Frederik Frans,15
Perez Pinas Diaz Borja,13
Daniel Swanson,15
Aaron Muirhead,13
Jim McAllister,15
Charles Mulgrew,13
Jonathon Routledge,14
Anthony Watt,13
Josh Law,14
Ashton Taylor,15
Alex Neil,15
Callum Paterson,12
Delgado Manuel Juanma,16
Gramoz Kurtaj,15
Joseph Chalmers,15
Andrew Hainault,13
Jim McAllister,13
Robert Douglas,12
Daryll Meggatt,15
Jason Denayer,14
Radoslaw Cierzniak,12
Florent Sinama-Pongolle,15
Stephen O´Donnell,12
Calum Butcher,13
Gary McDonald,15
Nick Draper,14
Willie Dyer,14
Radoslaw Cierzniak,15
Louis Moult,15
Thomas Konrad,14
Jamie Walker,15
Ryan O´Leary,12
Joseph Ledley,14
Julen Etxabeguren,15
Gary Irvine,14
Adam Brown,14
Daniel Swanson,16
Ross Caldwell,12
Dan Twardzik,14
Darnell Fisher,13
Thomas Scobbie,13
Michael Devlin,16
Iain Davidson,14
Marc Klok,13
Grant Gillespie,14
Sanel Jahic,13
Pat McCourt,12
Uros Celcer,14
Sean Welsh,13
Liam Henderson,15
David Syme,16
Amidio Balde,13
Darian MacKinnon,14
Lewis Toshney,15
William Gross,14
Nicholas Riley,13
Brian Graham,13
Frederik Frans,16
Jon Robertson,12
Ziggy Gordon,14
Logan Bailly,15
Arnaud Sutchuin Djoum,16
Jim McAllister,12
Michael Devlin,16
Charles Mulgrew,14
Marc Fitzpatrick,12
Lawrence Shankland,13
David Mackay,15
Evangelos Ikonomou,14
Jamie Hamill,16
Iain Vigurs,12
Christopher Kane,15
Jamie Sendles-White,15
Christopher Johnston,14
Jack Baird,14
Cameron Smith,15
Nicholas Law,12
Liam Boyce,14
Farid El Allagui,14
Gabriel de la Vega,13
Darren Maatsen,13
Steven Lawless,13
Arnaud Sutchuin Djoum,16
Nicky Weaver,13
Charles Mulgrew,16
Lewis Longridge,15
Melvin de Leeuw,13
Colin McMenamin,12
Joseph Ledley,12
Simon Murray,15
Jonathan Hayes,16
Davie Templeton,12
Thomas Scobbie,16
Danny Williams,13
Steve May,13
Marc McAusland,15
Timothy Dreesen,14
Jordan McMillan,13
Jordan Forster,14
Matthew Smith,16
Rory McKenzie,12
Michael Fraser,12
Andrew Robertson,13
Ryan Conroy,12
Martin Canning,14
Gary Warren,12
Eoghan O'Connell,14
Greg Kilpie,14
Gary Oliver,13
Stuart Findlay,15
Rory Loy,15
Ross Forbes,13
Temitope Ayoluwa Obadeyi,16
Jonathan Hayes,16
Radoslaw Cierzniak,13
Matthew Lockwood,13
Zander Clark,15
Alexei Jr Eremenko,15
Dale Carrick,12
Kyle Letheren,14
Jozo Simunovic,15
Matthew Smith,16
Mark Millar,12
Michael O'Halloran,16
Pat McCourt,13
Liam Lindsay,15
Kazim Kazim-Richards,16
Zaine Francis-Angol,12
Lewis Guy,12
Daniel Swanson,16
Luis Maria Zwick,15
Andy Webster,13
James Craingen,14
Kevin Holt,15
Ryan Fraser,12
Phillip Roberts,14
Cameron Bell,13
Michal Szromnik,16
Temitope Ayoluwa Obadeyi,16
Liam Craig,15
Sam Morrow,12
Ian McShane,15
Radoslaw Cierzniak,14
Thomas Scobbie,16
James Craingen,13
Danny Grainger,14
Kieran Kennedy,15
David Moberg Karlsson,14
Nicholas Law,13
Juwon Oshaniwa,15
Matthew McArthur,13
Filip Twardzik,12
Danny Wilson,13
Christopher Johnston,15
Robert Douglas,13
Luis Maria Zwick,16
Conor Pepper,12
Jonathan Hayes,15
John Souttar,13
Scott Robinson,16
Christopher Kane,16
Mickael Antione-Curier,15
Gregg Wylde,13
Ben Greenhalgh,13
Christopher Johnston,13
Rory Boulding,12
Cameron Smith,14
Christopher Dilo,13
Stewart Carswell,15
Alistair Crawford,16
Joe Cardle,14
Ellis Plummer,14
Miguel Pallardo,15
Greg Stewart,14
Scott Fraser,15
Mickael Antione-Curier,14
Dean Brill,13
Adam Frizzell,15
Jordan McGhee,15
Steven Hendrie,15
Steven Hendrie,14
James Vincent,13
Owain Tudor Jones,12
Antonio Reguero Chapinal,12
Christopher Kane,16
Sean Higgins,12
Phillip Roberts,12
Thomas Scobbie,12
Daniel Haynes,14
Luis Maria Zwick,16
Jordi Balk,14
Alistair Crawford,16
Daniel Lopez,15
Josh Parker,15
Alex Neil,14
Ashton Taylor,14
Scott Boyd,12
Michael Gardyne,12
Scott Robinson,15
Frederik Frans,14
Tomas Cerny,15
Billy King,15
Robert McHugh,14
John Baird,12
Andy Webster,12
Michal Szromnik,15
Davide Grassi,12
Steven Hetherington,12
Gavin Reilly,15
Gary Irvine,12
Matthew Cooper,12
Callum Paterson,15
Biram Kayal,12
Jason Scotland,14
Ross Caldwell,14
Anthony Andreu,14
Mark O'Hara,12
Owain Tudor Jones,13
Rocco Quinn,12
Jaroslaw Fojut,14
Jaroslaw Fojut,15
Thomas Scobbie,15
Blair Spittal,14
David Mackay,16
Craig Wighton,14
Coll Donaldson,15
Gavin Gunning,16
Prince Buaben,15
Kevin McHattie,15
Alexei Jr Eremenko,14
Ben Gordon,13
Mark McCallum,14
Gary Fisher,13
Charles Mulgrew,12
Paul Cairney,12
Temitope Ayoluwa Obadeyi,15
Alim Oezturk,16
Daniel Handling,14
Sam Nicholson,13
Kevin McBride,14
Sam Nicholson,15
Rocco Quinn,16
Conrad Balatoni,13
Scott P. Brown,15
Russell Anderson,15
Brad McKay,15
Christopher Cadden,16
Mario Bilate,14
Alim Oezturk,15
Blazey Augustyn,16
Nir Biton,13
Lewis Longridge,14
Aaron Sinclair,14
Ismael Bouzid,13
Jamie Reckord,16
Neil Alexander,15
Steven Mouyokolo,13
Alistair Crawford,15
Perez Pinas Diaz Borja,12
Lukasz Zaluska,15
Nathaniel Wedderburn,15
Ryan OÂ´Leary,12
